{
  "parent": "minecraft:block/block",
  "display": {
    "thirdperson_lefthand": {
      "rotation": [
        75,
        45,
        0
      ],
      "translation": [
        0,
        2.5,
        0
      ],
      "scale": [
        0.375,
        0.375,
        0.375
      ]
    },
    "thirdperson_righthand": {
      "rotation": [
        75,
        45,
        0
      ],
      "translation": [
        0,
        2.5,
        0
      ],
      "scale": [
        0.375,
        0.375,
        0.375
      ]
    }
  },
  "textures": {
    "particle": "mm:block/base_ports/energy_output_cutout"
  },
  "loader": "forge:multi-layer",
  "layers": {
    "solid": {
      "parent": "minecraft:block/block",
      "textures": {
        "base": "minecraft:block/nether_bricks"
      },
      "elements": [
        {
          "from": [
            0,
            0,
            0
          ],
          "to": [
            16,
            16,
            16
          ],
          "faces": {
            "down": {
              "texture": "#base",
              "cullface": "down"
            },
            "up": {
              "texture": "#base",
              "cullface": "up"
            },
            "north": {
              "texture": "#base",
              "cullface": "north"
            },
            "south": {
              "texture": "#base",
              "cullface": "south"
            },
            "west": {
              "texture": "#base",
              "cullface": "west"
            },
            "east": {
              "texture": "#base",
              "cullface": "east"
            }
          }
        }
      ]
    },
    "translucent": {
      "parent": "minecraft:block/block",
      "textures": {
        "overlay": "mm:block/base_ports/energy_output_cutout"
      },
      "elements": [
        {
          "from": [
            0,
            0,
            0
          ],
          "to": [
            16,
            16,
            16
          ],
          "faces": {
            "down": {
              "texture": "#overlay"
            },
            "up": {
              "texture": "#overlay"
            },
            "north": {
              "texture": "#overlay"
            },
            "south": {
              "texture": "#overlay"
            },
            "west": {
              "texture": "#overlay"
            },
            "east": {
              "texture": "#overlay"
            }
          }
        }
      ]
    }
  }
}